ts,seq,lat,lon,alt,vel,ax,ay,az,battery,status
1754997861.0820131,0,19.07,72.87,0.0,0.0,-0.0341614402774891,0.03563355697155593,-9.96875174092436,100.0,FLIGHT
1754997861.2931137,1,19.070002111005785,72.87000211100579,0.11140863540504142,1.0555028915405273,-0.09738834600285938,0.025062748082301717,-9.807645090586359,99.99577798843384,FLIGHT
1754997861.4966478,2,19.070004146347046,72.87000414634706,0.4298048456257675,2.0731735229492188,-0.05742066924405345,0.11841017858428093,-9.978265074530396,99.9917073059082,FLIGHT
1754997861.705924,3,19.07000623910904,72.87000623910905,0.9731620401089458,3.1195545196533203,-0.04657435827234649,0.08323118911721711,-9.859080693534363,99.98752178192139,FLIGHT
1754997861.9204361,4,19.07000838423014,72.87000838423015,1.7573828747005393,4.192115068435669,-0.18975361314355077,0.10952248327702135,-9.667786184994124,99.98323153972626,FLIGHT
1754997862.1241908,5,19.07001042177677,72.87001042177678,2.715335776898087,5.210888385772705,0.053479820196715766,-0.17997740872865364,-9.828181690279658,99.97915644645691,FLIGHT
1754997862.3258905,6,19.07001243877411,72.87001243877411,3.8680775332977646,6.219387054443359,-0.02973505905174073,-0.0024789060466166024,-9.902817881770016,99.97512245178223,FLIGHT
1754997862.5400977,7,19.070014580845832,72.87001458084583,5.315026630015041,7.2904229164123535,0.13334732440967512,0.05333985312622891,-9.98350714683979,99.97083830833435,FLIGHT
1754997862.7506275,8,19.070016686143877,72.87001668614388,6.9606849355318445,8.343071937561035,-0.015117585042307757,0.02499025308698863,-9.875277955575115,99.96662771224976,FLIGHT
1754997862.9578679,9,19.070018758547306,72.87001875854732,8.797077425843014,9.379273653030396,-0.0514318476611719,-0.1506202850215832,-9.714372460991653,99.96248290538787,FLIGHT
1754997863.1668746,10,19.07002084861517,72.87002084861517,10.866618862173851,10.424307584762573,-0.03544163382202642,-0.1577011273830783,-9.982296971829856,99.95830276966095,FLIGHT
1754997863.3769321,11,19.07002294919014,72.87002294919014,13.166633201783497,11.474595069885254,0.18204927636601725,-0.002085764157714276,-9.763684592317928,99.95410161972046,FLIGHT
1754997863.5777152,12,19.070024957020284,72.87002495702029,15.571321534834084,12.47851014137268,-0.0666005000171809,-0.10003862898091156,-9.719603017432487,99.9500859594345,FLIGHT
1754997863.7901065,13,19.070027080934047,72.87002708093405,18.33442472239554,13.540467023849487,-0.10330795050528226,-0.0013627668564602513,-9.912067786742007,99.94583813190461,FLIGHT
1754997864.0005722,14,19.070029185590744,72.87002918559075,21.29496767693354,14.592795372009277,-0.18514698365348956,-0.005578347794916005,-9.852142473216993,99.94162881851196,FLIGHT
1754997864.2125182,15,19.07003130505085,72.87003130505086,24.500155217893393,15.652525424957275,-0.17801541681028674,0.07479218129151693,-9.889789156675315,99.93738989830017,FLIGHT
1754997864.4179573,16,19.07003335944176,72.87003335944176,27.82130885880406,16.679720878601074,-0.0036849884543597167,0.06983310412042354,-9.898710879277983,99.9332811164856,FLIGHT
1754997864.6187541,17,19.070035367410185,72.87003536741018,31.27134257623098,17.68370509147644,0.11014815696378305,-0.15982117823521774,-9.68245485744554,99.9292651796341,FLIGHT
1754997864.822675,18,19.070037406618596,72.8700374066186,34.98137786802559,18.703309297561646,0.1857873402402101,-0.1005449911343114,-9.89325798454031,99.92518676280976,FLIGHT
1754997865.0321078,19,19.070039500946997,72.870039500947,39.00812034464764,19.750473499298096,0.18345609892141962,0.12444949389803467,-9.945269023268862,99.92099810600281,FLIGHT
1754997865.2396383,20,19.070041576251985,72.87004157625199,43.214618225183585,20.78812599182129,-0.14016356356744486,-0.07848284781980608,-9.744450335343645,99.91684749603272,FLIGHT
1754997865.4495866,21,19.070043675734997,72.870043675735,47.68924568775802,21.837867498397827,0.16580726547061464,-0.024796868587119214,-9.645160870711331,99.91264853000641,FLIGHT
1754997865.651992,22,19.070045699789524,72.87004569978953,52.211769063626576,22.849894762039185,0.13705519398884491,-0.169116626716936,-9.743495673222972,99.90860042095184,FLIGHT
1754997865.867425,23,19.070047854118346,72.87004785411835,57.25041606961895,23.927059173583984,-0.18677305059397079,-0.0026354035068555937,-9.844418477184954,99.90429176330566,FLIGHT
1754997866.0775487,24,19.070049955356122,72.87004995535612,62.388440129556244,24.977678060531616,0.18895800678172525,0.17544399809200628,-9.899730515497716,99.90008928775788,FLIGHT
1754997866.285868,25,19.070052038547992,72.870052038548,67.70026192972992,26.01927399635315,0.1801712720175594,0.0770493642807169,-9.885386761399062,99.89592290401458,FLIGHT
1754997866.490177,26,19.07005408163786,72.87005408163786,73.12058883873206,27.04081892967224,0.14138998172506895,0.04301014380709928,-9.738542636398774,99.8918367242813,FLIGHT
1754997866.6966105,27,19.070056145973204,72.87005614597321,78.80925768000452,28.072986602783203,0.07872257980705194,0.12423304777798677,-9.928587483267977,99.88770805358887,FLIGHT
1754997866.9072232,28,19.070058245892525,72.87005824589252,84.81459990002861,29.12294626235962,-0.08806121202975584,-0.02764397288235529,-9.728078865847444,99.88350821495057,FLIGHT
1754997867.117966,29,19.070060359528064,72.87006035952807,91.08181570491652,30.17976403236389,0.04154470500504476,-0.11539988221067997,-9.663702959105564,99.87928094387054,FLIGHT
1754997867.3275974,30,19.070062455842496,72.8700624558425,97.51830654389565,31.2279212474823,0.11575264554369064,-0.17506996504196426,-9.799293344960176,99.87508831501007,FLIGHT
1754997867.537059,31,19.070064550459385,72.87006455045939,104.1690451700994,32.275229692459106,0.1879386091168862,0.051089503127153324,-9.752098589704055,99.87089908123016,FLIGHT
1754997867.7507598,32,19.070066687467097,72.8700666874671,111.180456699458,33.34373354911804,-0.08713839672614793,-0.12436602919482316,-9.659610204800753,99.86662506580353,FLIGHT
1754997867.9600182,33,19.070068780050278,72.87006878005029,118.26738290510775,34.39002513885498,-0.08338318046361302,0.0564699076701482,-9.81196070538668,99.86243989944458,FLIGHT
1754997868.1654365,34,19.07007083423376,72.87007083423377,125.43721681211096,35.41711688041687,-0.14839850860054776,-0.06802931606588788,-9.856884227902682,99.85833153247833,FLIGHT
1754997868.3747888,35,19.07007292775631,72.87007292775631,132.96144100847926,36.46387815475464,-0.1567178707461006,-0.1290725861056619,-9.686565793399932,99.85414448738098,FLIGHT
1754997868.5886765,36,19.070075066633226,72.87007506663323,140.87498559149253,37.53331661224365,-0.18529028253502197,0.1746148622971625,-9.814325988291719,99.84986673355102,FLIGHT
1754997868.7987099,37,19.07007716696739,72.87007716696739,148.86852141182544,38.58348369598389,0.02278463697761421,-0.17692434200127802,-9.77658846290877,99.84566606521607,FLIGHT
1754997869.0072339,38,19.07007925220728,72.87007925220729,157.02280896565313,39.62610363960266,0.19475372714892347,0.11910166003582784,-9.938539325462902,99.84149558544159,FLIGHT
1754997869.215357,39,19.07008133343935,72.87008133343936,165.37820891302445,40.66671967506409,-0.021295033721613732,0.10400959790081282,-9.643505924838903,99.83733312129975,FLIGHT
1754997869.4259336,40,19.070083439204694,72.87008343920469,174.05252199434372,41.71960234642029,-0.11595126696183145,0.14390501534803574,-9.73072336506436,99.83312159061433,FLIGHT
1754997869.6310902,41,19.07008549077034,72.87008549077035,182.7167953330195,42.74538516998291,-0.03779970260479443,0.041909989899205385,-9.91935294190422,99.82901845932007,FLIGHT
1754997869.8396015,42,19.070087575883864,72.87008757588387,191.73838586995998,43.78794193267822,-0.12632504443074377,0.03496289956398829,-9.975600654923204,99.82484823226929,FLIGHT
1754997870.0481858,43,19.070089661726954,72.87008966172695,200.9806319985779,44.83086347579956,-0.06300288379982619,-0.04175002324903848,-9.825337687634457,99.8206765460968,FLIGHT
1754997870.2488878,44,19.07009166874647,72.87009166874648,210.0789769909683,45.834373235702515,0.04560949685652688,0.13222074228360026,-9.601565113396035,99.81666250705719,FLIGHT
1754997870.4572105,45,19.070093751974106,72.87009375197411,219.73581621852873,46.87598705291748,0.0741251932027212,0.1508296634858945,-9.707660171367884,99.81249605178833,FLIGHT
1754997870.6703742,46,19.07009588361025,72.87009588361025,229.8416678574712,47.94180512428284,-0.017480502041894747,0.07376046398672809,-9.744468321524524,99.80823277950287,FLIGHT
1754997870.8786733,47,19.07009796660185,72.87009796660185,239.93637694406416,48.98330092430115,0.11319435123355204,0.14118946848664676,-9.78036924833607,99.80406679630279,FLIGHT
1754997871.086679,48,19.070100046658517,72.87010004665852,250.2331857969617,49.9542279958725,-0.07696367199396509,-0.06439581001940672,-9.791765222437208,99.79990668296814,FLIGHT
1754997871.2977734,49,19.07010215760231,72.87010215760232,260.5596716498009,47.88339213371277,0.0002593476520197924,-0.1646275110179475,-9.654789849303949,99.79568479537964,FLIGHT
1754997871.5060232,50,19.070104240100385,72.87010424010039,270.3186588842764,45.840461523532866,-0.11904835659290716,-0.19081836888772516,-9.984128546422198,99.79151979923249,FLIGHT
1754997871.7147784,51,19.070106327652933,72.87010632765293,279.67434230720926,43.79257247447968,0.11875889812053264,-0.0795777489284685,-9.782028512156078,99.78734469413757,FLIGHT
1754997871.9235175,52,19.070108415043354,72.87010841504336,288.6018413445759,41.74484246969223,0.1457594425917363,-0.012355170775270041,-9.642411666153533,99.78316991329193,FLIGHT
1754997872.123775,53,19.070110417618753,72.87011041761876,296.76485517645176,39.78031600475311,0.043609394839092014,-0.05066120701749277,-9.79319844903372,99.77916476249695,FLIGHT
1754997872.3266447,54,19.07011244631529,72.87011244631529,304.6332034556754,37.79016470193863,-0.18029921170298932,-0.007647326188013531,-9.73670016156941,99.77510736942291,FLIGHT
1754997872.5359633,55,19.070114539501667,72.87011453950167,312.32848015213483,35.73674886465072,0.10932715263191412,0.02734375366700942,-9.758666508004358,99.77092099666595,FLIGHT
1754997872.7400653,56,19.07011658052206,72.87011658052207,319.4180927384158,33.734507858753204,0.14635672403900396,0.005713468862150961,-9.674783876768474,99.76683895587921,FLIGHT
1754997872.9540508,57,19.07011872037649,72.8701187203765,326.41218752965653,31.635310661792754,-0.06914236763928533,-0.051614143798213524,-9.79956161597872,99.76255924701691,FLIGHT
1754997873.1714191,58,19.070120894060135,72.87012089406014,333.05694688989763,29.50292700767517,0.1996242483688287,0.035890729249054315,-9.838076173944481,99.75821187973023,FLIGHT
1754997873.387071,59,19.070123050577642,72.87012305057765,339.19119439763836,27.387383334636688,0.15837760543166607,0.12372905963418868,-9.90584294839331,99.75389884471893,FLIGHT
1754997873.5876386,60,19.070125056254863,72.87012505625486,344.4869040412696,25.419813978672025,-0.053153190682445256,-0.15560561627598687,-9.658917954249825,99.74988749027253,FLIGHT
1754997873.7990737,61,19.07012717060566,72.87012717060567,349.64226742357084,23.345635848045347,0.15379775260624345,-0.09015669530588753,-9.645650199921125,99.74565878868103,FLIGHT
1754997874.0060694,62,19.070129240562917,72.87012924056292,354.26454859101256,21.315007779598236,-0.004983892810046964,-0.1044818866864754,-9.739306698787441,99.74151887416839,FLIGHT
1754997874.2182937,63,19.070131362805366,72.87013136280537,358.56719309211707,19.233087935447692,0.14836232242872333,0.1613726352122043,-9.877812377583368,99.73727438926697,FLIGHT
1754997874.4201586,64,19.070133381454944,72.87013338145495,362.24980346960774,17.252792699337007,-0.027517318207389424,0.0941413934849678,-9.662698762344057,99.73323709011078,FLIGHT
1754997874.631246,65,19.070135492329598,72.8701354923296,365.6730951618252,15.182024664878845,0.0744994022080967,-0.042828449012436653,-9.956790391015536,99.72901534080505,FLIGHT
1754997874.8363607,66,19.070137543475628,72.87013754347564,368.5807869624744,13.169850409030914,0.03742718381132559,-0.14814821098683947,-9.953826968802733,99.7249130487442,FLIGHT
1754997875.046575,67,19.070139645619392,72.8701396456194,371.132526491799,11.107647376060484,-0.07640679941342268,-0.11657485588631307,-9.765022959116463,99.7207087612152,FLIGHT
1754997875.2475846,68,19.07014165571451,72.87014165571452,373.16708360855006,9.135744063854219,-0.1457097438183868,-0.06878861670363703,-9.67995944733566,99.71668857097626,FLIGHT
1754997875.4544184,69,19.070143724052905,72.87014372405291,374.84682756609186,7.106704099178309,0.10553580991215195,-0.06152481789035438,-9.759069939835928,99.71255189418792,FLIGHT
1754997875.6623483,70,19.0701458033514,72.8701458033514,376.11245667706083,5.066912274360654,-0.07995137625965346,0.13974681965774305,-9.967343454057756,99.70839329719543,FLIGHT
1754997875.8646657,71,19.070147826526167,72.87014782652616,376.936808349192,3.082177832126618,0.14478711560416996,-0.04356570175990035,-9.695289186680634,99.70434694766999,FLIGHT
1754997876.073225,72,19.07014991211891,72.87014991211892,377.36627247926333,1.0362113475799504,-0.05934314020602202,-0.12583052254502158,-9.840731046104366,99.70017576217651,FLIGHT
1754997876.2872217,73,19.0701520520854,72.8701520520854,377.36339589035936,-1.0630957770347607,0.04028206245733798,0.13956498635253595,-9.76337752480118,99.69589582920075,FLIGHT
1754997876.4895127,74,19.070154074995518,72.87015407499553,376.94762045975415,-3.0475706028938347,0.19903650981250565,-0.07508562068746959,-9.689081422830139,99.69185000896454,FLIGHT
1754997876.6999936,75,19.0701561798048,72.87015617980481,376.08886257470033,-5.112388510704044,0.11568326639428078,0.1180138444053297,-9.70827507715842,99.68764039039611,FLIGHT
1754997876.90298,76,19.07015820966959,72.8701582096696,374.84901361324216,-7.10368586778641,0.013061340055070259,0.10042618810879439,-9.844417478130117,99.68358066082001,FLIGHT
1754997877.1049485,77,19.070160229353906,72.87016022935391,373.21421225278675,-9.084996180534368,-0.08931776366300764,0.030792165435227947,-9.82246099602621,99.67954129219055,FLIGHT
1754997877.3068779,78,19.070162248647215,72.87016224864722,371.1796814484492,-11.065922915935516,-0.06959564789541903,0.11509507681374215,-9.992988188102252,99.67550270557403,FLIGHT
1754997877.5114808,79,19.070164294676783,72.87016429467678,368.7102259759829,-13.073077921867373,0.10656162104526845,-0.18738885500504124,-9.796046345815556,99.6714106464386,FLIGHT
1754997877.7207644,80,19.070166387512685,72.87016638751268,365.75940815013587,-15.126149942874918,0.11478388871790474,0.009067279307479581,-9.644381343754475,99.66722497463226,FLIGHT
1754997877.921906,81,19.070168398928644,72.87016839892864,362.51846400826764,-17.09934899806977,0.19125564651564692,-0.04594860807659734,-9.604096775301262,99.66320214271545,FLIGHT
1754997878.1296816,82,19.07017047668457,72.87017047668458,358.75388436501845,-19.13762756347657,0.06563021071351044,0.18687276470898528,-9.65234061882303,99.65904663085938,FLIGHT
1754997878.3306077,83,19.070172485945225,72.87017248594523,354.710615009821,-21.10871226549149,0.17165355080373007,-0.12724202193817397,-9.69688986496797,99.65502810955047,FLIGHT
1754997878.5338156,84,19.07017451802492,72.87017451802492,350.21861193391766,-23.10218244791031,0.00782984939696893,-0.17433061926375856,-9.774519164687945,99.65096395015716,FLIGHT
1754997878.7476106,85,19.07017665597439,72.87017665597439,345.0552829599106,-25.199510874748228,-0.05201698606368757,-0.08988529304653002,-9.691971561281909,99.64668805122375,FLIGHT
1754997878.9528263,86,19.070178708131312,72.87017870813132,339.677381262941,-27.212676818370824,-0.1873948125842685,-0.008605022023581543,-9.750697078239076,99.64258373737336,FLIGHT
1754997879.1565185,87,19.070180745053293,72.87018074505329,333.9308603551595,-29.21089727878571,0.06104183762614146,-0.003913713567274574,-9.90631678790422,99.63850989341736,FLIGHT
1754997879.3656752,88,19.07018283662081,72.87018283662081,327.6066271562264,-31.262725012302397,-0.05091189433213769,0.19887703837775167,-9.676794556642689,99.6343267583847,FLIGHT
1754997879.566822,89,19.07018484808922,72.87018484808922,321.11977222399986,-33.235975522995005,-0.18231297153034554,-0.19376540141005988,-9.910976335808943,99.63030382156371,FLIGHT
1754997879.7769418,90,19.070186949286462,72.87018694928646,313.9196809968573,-35.29725001811981,-0.03175593879107544,0.06885633456064116,-9.777610710814983,99.62610142707825,FLIGHT
1754997879.9839766,91,19.070189019634725,72.87018901963472,306.40167589961203,-37.328261663913736,0.0865778110160017,-0.07712444052300632,-9.716598721007324,99.62196073055267,FLIGHT
1754997880.1890378,92,19.070191070246697,72.8701910702467,298.5408421562343,-39.3399120092392,0.16882553727254507,-0.017122792349738403,-9.994821710256906,99.61785950660706,FLIGHT
1754997880.3982506,93,19.070193162374498,72.8701931623745,290.09573801209484,-41.392289381027226,-0.06150424097344939,-0.17843035619679784,-9.926177436645435,99.61367525100708,FLIGHT
1754997880.607043,94,19.070195250298976,72.87019525029898,281.23951060749533,-43.440543296337125,-0.15244395746541406,-0.19171940017259162,-9.637181935037612,99.6094994020462,FLIGHT
1754997880.8155894,95,19.070197335762977,72.87019733576298,271.96681538313317,-45.4863834810257,0.1306874218326703,0.14246371890669812,-9.925715414672021,99.6053284740448,FLIGHT
1754997881.025626,96,19.07019943612814,72.87019943612815,262.19662812917284,-47.546841704845434,-0.0650430760713627,0.05192993660529066,-9.801395608840291,99.60112774372101,FLIGHT
1754997881.2370865,97,19.070201550734044,72.87020155073405,251.92301498623044,-49.62127009630204,0.07907960273660986,-0.011589311086870113,-9.885300661086768,99.59689853191375,FLIGHT
1754997881.4463859,98,19.070203643727304,72.87020364372731,241.32244715318313,-51.6744964838028,-0.04478718774623963,-0.09784410949334173,-9.627483316405563,99.5927125453949,FLIGHT
1754997881.6539755,99,19.070205719623566,72.87020571962357,230.38398435150464,-53.710950717926025,0.11981903929749671,-0.057914133544784224,-9.618191027681759,99.58856075286866,FLIGHT
1754997881.8666065,100,19.07020784593344,72.87020784593344,218.74160732912276,-55.79686070203782,-0.16524922668746633,0.06428449386048479,-9.744020102925393,99.5843081331253,FLIGHT
1754997882.0767493,101,19.070209947361946,72.87020994736196,206.799691064091,-57.85836206912995,0.11194151495716986,-0.1463387630947028,-9.838402337656879,99.58010527610779,FLIGHT
1754997882.2890213,102,19.070212070081233,72.87021207008124,194.29696873276782,-59.940749690532684,-0.057439659131845094,-0.0832562165906015,-9.945759778038559,99.57585983753205,FLIGHT
1754997882.4982548,103,19.07021416241646,72.87021416241646,181.5406201776567,-61.99333054542542,0.12468011096958326,-0.13639083712550928,-9.629329506366467,99.57167516708374,FLIGHT
1754997882.7062943,104,19.07021624281168,72.87021624281168,168.4312667413351,-64.03419825792314,0.1791572406927377,-0.181861264854791,-9.871987359446194,99.56751437664032,FLIGHT
1754997882.9164228,105,19.07021834409714,72.87021834409714,154.7592783842465,-66.0955592918396,0.12856719016649065,0.1171953578216628,-9.689830953344975,99.56331180572509,FLIGHT
1754997883.1321902,106,19.070220501770972,72.87022050177097,140.26965744937831,-68.21223732471466,-0.10652219361992965,0.015348366180090556,-9.663895559469536,99.55899645805358,FLIGHT
1754997883.3394186,107,19.070222574055194,72.8702225740552,125.92350468527457,-70.2451481461525,0.0176428089389756,-0.1503029523233587,-9.911585457557287,99.55485188961029,FLIGHT
1754997883.5494213,108,19.070224674081803,72.87022467408181,110.9555206882618,-72.30527424812317,0.10794119668889834,0.048900149297027184,-9.600333715527078,99.55065183639526,FLIGHT
1754997883.7588577,109,19.07022676844597,72.87022676844597,95.5970121267286,-74.35984549522401,-0.014107310442792148,0.06551963157913154,-9.833049466609637,99.54646310806274,FLIGHT
1754997883.9630103,110,19.07022880997181,72.87022880997182,80.21182556583801,-76.36258234500886,0.06041266611432039,0.04387434483581504,-9.710575603555966,99.54238005638122,FLIGHT
1754997884.1732235,111,19.070230912103654,72.87023091210365,63.94265406138027,-78.42477368354798,0.05757938304003424,-0.14527759472994073,-9.706908336219968,99.53817579269409,FLIGHT
1754997884.3886735,112,19.07023306660414,72.87023306660414,46.818348933684206,-80.53833865880966,0.007824156641977803,0.09290849606740464,-9.6896440401431,99.53386679172516,FLIGHT
1754997884.5896783,113,19.070235076651574,72.87023507665158,30.431584564988043,-82.51019519329071,0.10771036968419051,-0.04943440755021472,-9.617820143474024,99.52984669685364,FLIGHT
1754997884.8053024,114,19.070237232892513,72.87023723289252,12.41234663655132,-84.62546755552293,0.00345958756746087,-0.010371455352909148,-9.917648767089174,99.52553421497345,FLIGHT
1754997885.0073872,115,19.07023925374031,72.87023925374031,0,-86.60791924476624,0.07432310167222111,-0.16313115278701826,-9.86226622208587,99.52149251937867,FLIGHT
1754998171.9148998,0,19.07,72.87,0.0,0.0,-0.15420559152611296,-0.015522419542341626,-9.96325719441775,100.0,FLIGHT
1754998172.1238918,1,19.070002089920045,72.87000208992005,0.10919414475210942,1.0449600219726562,-0.1572427495627723,-0.08065763598259466,-9.705992030803992,99.99582015991211,FLIGHT
1754998172.332923,2,19.070004180231095,72.87000418023109,0.43685830005642856,2.090115547180176,-0.13287331190239582,0.1296827303995176,-9.633601534138306,99.99163953781128,FLIGHT
1754998172.542331,3,19.07000627431154,72.87000627431155,0.9841746333121648,3.137155771255493,0.02717683212085306,-0.010675229141237613,-9.93199009402813,99.98745137691498,FLIGHT
1754998172.7451963,4,19.070008302965164,72.87000830296518,1.7234807629415627,4.151482582092285,-0.14683923478841582,-0.16467302430139302,-9.890006722473018,99.98339406967163,FLIGHT
1754998172.9497883,5,19.07001034888506,72.87001034888506,2.6774855492944027,5.174442529678345,-0.16055156849460095,-0.18875291802390204,-9.605940078492548,99.97930222988128,FLIGHT
1754998173.161957,6,19.070012470571996,72.870012470572,3.8878791469257123,6.235285997390747,-0.1566723484036021,0.1552796140114362,-9.753806643599566,99.97505885601043,FLIGHT
1754998173.3674717,7,19.07001452571869,72.87001452571869,5.2749125857735635,7.262859344482422,0.19751120945860245,0.12431855472162584,-9.920482065700824,99.97094856262207,FLIGHT
1754998173.5761948,8,19.07001661294937,72.87001661294937,6.8997521703659,8.306474685668945,0.1785112990023458,0.01909009047912308,-9.954268059048395,99.96677410125733,FLIGHT
1754998173.778732,9,19.070018638322352,72.87001863832236,8.684676503696807,9.319161176681519,-0.09276437972942878,-0.11034002385334425,-9.773806848208944,99.96272335529328,FLIGHT
1754998173.985885,10,19.070020709850787,72.87002070985079,10.722447991651194,10.354925394058228,0.14920637103085838,-0.1729141501045589,-9.99239362306432,99.95858029842377,FLIGHT
1754998174.1992579,11,19.070022843580247,72.87002284358024,13.045728961353689,11.42179012298584,-0.0374560804495116,-0.1502069098682536,-9.710005201273237,99.95431283950806,FLIGHT
1754998174.406562,12,19.07002491662264,72.87002491662264,15.520952092987415,12.458311319351196,-0.12857873131017383,-0.018967661456525592,-9.947583012523037,99.9501667547226,FLIGHT
1754998174.6167607,13,19.070027018609046,72.87002701860905,18.250130870779344,13.509304523468018,-0.16574807566322974,-0.1565114087242991,-9.910438329908898,99.94596278190613,FLIGHT
1754998174.826005,14,19.07002911105156,72.87002911105156,21.18633307242135,14.555525779724121,0.15118618299496472,-0.025457734954757477,-9.972868733407077,99.9417778968811,FLIGHT
1754998175.0317078,15,19.070031168079378,72.87003116807938,24.28622930005986,15.584039688110352,0.1284020312730101,-0.12688047805732855,-9.712572340548823,99.93766384124756,FLIGHT
1754998175.2415888,16,19.07003326689005,72.87003326689005,27.6671493382743,16.633445024490356,-0.0018120011270703618,0.1083573134873197,-9.768764943829042,99.93346621990204,FLIGHT
1754998175.4557133,17,19.070035408134462,72.87003540813447,31.343399649231287,17.70406723022461,-0.07981198068829838,-0.15170255243364245,-9.801661723481397,99.9291837310791,FLIGHT
1754998175.667069,18,19.070037521691322,72.87003752169133,35.196932992199095,18.76084566116333,-0.14802048302948878,-0.0698106180772664,-9.689434096285455,99.92495661735535,FLIGHT
1754998175.8786752,19,19.070039637753965,72.87003963775396,39.27878848171545,19.81887698173523,0.02619285855623238,0.1225274609655555,-9.73743483080164,99.92072449207306,FLIGHT
1754998176.0874095,20,19.070041725096704,72.87004172509671,43.524592370982305,20.862548351287842,0.020951097698645116,-0.01195231985199069,-9.80043036245816,99.91654980659484,FLIGHT
1754998176.2958963,21,19.070043809964655,72.87004380996466,47.98282508081698,21.904982328414917,0.10413904709495142,0.16056828733299805,-9.825573416808046,99.91238007068634,FLIGHT
1754998176.5016632,22,19.07004586763382,72.87004586763382,52.595995805177154,22.93381690979004,-0.08833249864492997,0.08565193438743018,-9.91092614742051,99.90826473236083,FLIGHT
1754998176.7177846,23,19.07004802884817,72.87004802884817,57.6692564163865,24.014424085617065,-0.10142717534513263,0.0039119993104543005,-9.856026811223204,99.90394230365753,FLIGHT
1754998176.9305942,24,19.070050156943797,72.8700501569438,62.89297527905674,25.078471899032593,0.09478383700824439,-0.08195313756453718,-9.756217167447032,99.89968611240387,FLIGHT
1754998177.1402552,25,19.070052253553868,72.87005225355387,68.2608472941753,26.126776933670044,-0.1188215529270229,-0.049420366136410016,-9.761709262495662,99.89549289226532,FLIGHT
1754998177.3472264,26,19.070054323265552,72.87005432326556,73.7754295072422,27.161632776260376,-0.15475568664447625,0.04218863011225099,-9.62359300412236,99.89135346889496,FLIGHT
1754998177.5498087,27,19.070056349089146,72.87005634908915,79.38049618863957,28.1745445728302,-0.14933778709025802,-0.062019405088951096,-9.758805828641147,99.88730182170868,FLIGHT
1754998177.750981,28,19.070058360812663,72.87005836081266,85.1496113701559,29.18040633201599,0.19834481592537673,-0.0910510891798666,-9.938656263060412,99.88327837467193,FLIGHT
1754998177.956522,29,19.07006041622162,72.87006041622162,91.25299586685287,30.208110809326172,0.12324814230127695,-0.0036534023638724322,-9.923137525607299,99.8791675567627,FLIGHT
1754998178.165665,30,19.070062507650853,72.87006250765086,97.68016037652401,31.253825426101685,-0.16889889508778366,0.1797179963320955,-9.841395536926012,99.87498469829559,FLIGHT
1754998178.3757138,31,19.07006460813999,72.87006460814,104.35529382987227,32.30406999588013,-0.1166031310485523,-0.12689475874872294,-9.936064417540848,99.87078372001648,FLIGHT
1754998178.5865574,32,19.070066716575624,72.87006671657562,111.27753657001449,33.3582878112793,0.16988113706240976,0.09902216502068306,-9.97706563617672,99.86656684875489,FLIGHT
1754998178.792726,33,19.07006877826214,72.87006877826214,118.26123356934716,34.38913106918335,-0.1436652270405061,-0.18699547301173985,-9.631688790277229,99.86244347572327,FLIGHT
1754998178.9979575,34,19.07007083057642,72.87007083057642,125.42426389913558,35.41528820991516,-0.16338104856229535,-0.06700008604729582,-9.769751079325111,99.85833884716034,FLIGHT
1754998179.2062201,35,19.07007291320324,72.87007291320324,132.90838016590044,36.45660161972046,-0.1852919579770108,0.013693771282171252,-9.87387641372811,99.85417359352112,FLIGHT
1754998179.4151983,36,19.070075002985,72.870075002985,140.63619397504453,37.501492500305176,-0.18817950147970983,0.17806134996790302,-9.809882223125006,99.84999402999878,FLIGHT
1754998179.62489,37,19.07007709990263,72.87007709990263,148.60987463831762,38.54995131492615,0.0352204046199093,-0.007274990179186702,-9.703066025180837,99.84580019474029,FLIGHT
1754998179.8406599,38,19.07007925760031,72.87007925760031,157.04418016244531,39.6288001537323,-0.15094354757056425,0.13305575831500044,-9.60857931020755,99.84148479938507,FLIGHT
1754998180.0472977,39,19.0700813239789,72.87008132397891,165.33973860688903,40.66198945045471,-0.03609228083462793,0.08446555356970914,-9.707192626260104,99.83735204219818,FLIGHT
1754998180.257757,40,19.070083428571223,72.87008342857123,174.00816241283806,41.71428561210632,0.1707355356653476,-0.14435273711493726,-9.700901805780509,99.83314285755158,FLIGHT
1754998180.4665842,41,19.070085516843797,72.8700855168438,182.82826431978037,42.758421897888184,0.04773313270526952,0.016833966801667488,-9.738188250728097,99.82896631240845,FLIGHT
1754998180.6818519,42,19.07008766952038,72.87008766952039,192.14862008320836,43.8347601890564,0.01123774053748311,0.07419768350909484,-9.982624528381221,99.82466095924377,FLIGHT
1754998180.889968,43,19.070089750680925,72.87008975068093,201.37961815562676,44.87534046173096,0.10419751854598575,0.011298440145697086,-9.79275309783181,99.82049863815308,FLIGHT
1754998181.0963364,44,19.070091814365387,72.8700918143654,210.74694228526823,45.907182693481445,0.06698034134630493,-0.08177288647329695,-9.893162564180638,99.81637126922607,FLIGHT
1754998181.3049147,45,19.07009390014887,72.87009390014887,220.43094893844696,46.950074434280396,0.10606075714929258,0.09649412125554341,-9.810643148536958,99.81219970226287,FLIGHT
1754998181.5138974,46,19.07009598997593,72.87009598997594,230.35188697249907,47.99498796463013,-0.17113992431762293,0.1041845803088684,-9.764151509401993,99.80802004814149,FLIGHT
1754998181.718096,47,19.07009803196192,72.87009803196192,240.25663893670313,49.0159809589386,0.17517189890756307,-0.1134637360004168,-9.925679849664391,99.80393607616425,FLIGHT
1754998181.9281886,48,19.070100132887365,72.87010013288737,250.66357064069996,49.869637496471405,-0.0141834006976444,-0.10373936418920487,-9.952768060201937,99.79973422527313,FLIGHT
1754998182.133437,49,19.07010218537092,72.87010218537092,260.6925993608513,47.85615112543106,-0.06359283357533072,0.024199555599132394,-9.773239899575499,99.79562925815583,FLIGHT
1754998182.3488872,50,19.07010433987379,72.87010433987379,270.7755365070204,45.74258381128311,-0.0400962786900681,0.16789806212426472,-9.689591520714222,99.79132025241852,FLIGHT
1754998182.558728,51,19.070106438281535,72.87010643828154,280.15821311928687,43.68404581308365,-0.1574973357829318,-0.15714552826438333,-9.928393362998257,99.7871234369278,FLIGHT
1754998182.7720134,52,19.070108571135997,72.870108571136,289.2522525279234,41.59171558618546,-0.015186611017367208,-0.07051739356145822,-9.946530428829064,99.78285772800446,FLIGHT
1754998182.9816566,53,19.070110667567253,72.87011066756726,297.7560938521244,39.53511652469635,-0.16851748710413372,-0.11380592203058387,-9.848346710517152,99.77866486549378,FLIGHT
1754998183.1903772,54,19.070112754774094,72.8701127547741,305.79420740823605,37.487566614151,-0.1171423814165701,0.05877915122056404,-9.966647061922831,99.77449045181274,FLIGHT
1754998183.390486,55,19.07011475586176,72.87011475586176,313.0993846665623,35.524499614238735,-0.023195135964085484,0.00824936089761344,-9.936926762423669,99.77048827648163,FLIGHT
1754998183.5995817,56,19.070116846818923,72.87011684681893,320.3129537693962,33.47327063560486,0.15450151276089696,0.16556415238851713,-9.683854125650274,99.7663063621521,FLIGHT
1754998183.8069115,57,19.070118920116425,72.87011892011643,327.0421141120994,31.4393657875061,0.1488428483875271,0.051334530472777085,-9.93234889807692,99.76215976715088,FLIGHT
1754998184.0155532,58,19.0701210065341,72.8701210065341,333.38815750518876,29.39259004831314,-0.16376039177647714,0.024799153737220747,-9.859129165038718,99.75798693180084,FLIGHT
1754998184.2265189,59,19.070123116190434,72.87012311619044,339.3706795067641,27.323017184734343,-0.13267594376162972,0.06951671733472942,-9.891143891186001,99.753767619133,FLIGHT
1754998184.4418893,60,19.0701252698946,72.8701252698946,345.02773353946947,25.210233397483826,-0.08410705098026848,-0.14763095313652952,-9.705121824800232,99.74946021080017,FLIGHT
1754998184.6503549,61,19.070127354550362,72.87012735455036,350.0700383880227,23.16518609523773,-0.09692519806283238,0.07212714548768273,-9.858554456418945,99.74529089927674,FLIGHT
1754998184.8557398,62,19.07012940840006,72.87012940840006,354.6209118872826,21.15035954236984,0.05572027763459847,0.11762535887747672,-9.941592754198007,99.74118319988251,FLIGHT
1754998185.0653114,63,19.07013150411606,72.87013150411606,358.837997723037,19.09446214675903,-0.11581933543959183,0.09194452553566757,-9.673139569326338,99.7369917678833,FLIGHT
1754998185.2735336,64,19.070133586337565,72.87013358633757,362.601224243318,17.051802847385403,0.09024201128484788,-0.14015118755901762,-9.765042276093597,99.73282732486724,FLIGHT
1754998185.4770508,65,19.070135621509554,72.87013562150956,365.86839796746665,15.05529912948608,0.11163780089092018,-0.1454419696384167,-9.730912353690428,99.728756980896,FLIGHT
1754998185.683499,66,19.07013768599272,72.87013768599272,368.76748357739166,13.030041143894195,-0.1249585247151083,-0.10442117346444207,-9.83541048082098,99.72462801456452,FLIGHT
1754998185.8953707,67,19.07013980470896,72.87013980470896,371.30799614055616,10.951580512523648,-0.12595693995388074,0.1298598471945434,-9.813427845708512,99.72039058208466,FLIGHT
1754998186.1058342,68,19.070141909344198,72.8701419093442,373.39563790773593,8.88693334341049,-0.13265213193183417,-0.10606311605747872,-9.870745411605357,99.71618131160736,FLIGHT
1754998186.3157501,69,19.07014400850296,72.87014400850296,375.0450090772649,6.827658596038816,0.1318150850776239,0.15770636598774662,-9.963809804102159,99.71198299407959,FLIGHT
1754998186.5248055,70,19.070146099057197,72.87014609905721,376.25799918338845,4.77682488918304,-0.18105698847323615,-0.1913921324599421,-9.71528870169262,99.70780188560485,FLIGHT
1754998186.7318962,71,19.07014816996336,72.87014816996336,377.0368763963655,2.7452659440040534,0.04411330522016574,-0.10994693071968849,-9.884618150162513,99.70366007328033,FLIGHT
1754998186.9468043,72,19.07015031904459,72.8701503190446,377.40031646350724,0.6370172572135928,0.034108813791640935,-0.026539263827528498,-9.825430623691513,99.69936191082,FLIGHT
1754998187.1563292,73,19.07015241429329,72.87015241429329,377.31845462964435,-1.4184217166900694,-0.16618839541327218,-0.11652808899026282,-9.9669863990707,99.69517141342163,FLIGHT
1754998187.3658495,74,19.07015450949669,72.8701545094967,376.8059429484732,-3.473816251754762,0.12122638507402789,-0.1965582225122391,-9.90745649067084,99.69098100662231,FLIGHT
1754998187.5769677,75,19.0701566206789,72.87015662067891,375.8539367593695,-5.5448860025405935,-0.1755362343367749,-0.07904523222775284,-9.831154517913266,99.68675864219665,FLIGHT
1754998187.7802916,76,19.070158653917314,72.87015865391731,374.5237536726251,-7.539492883682257,0.050385701943831795,-0.15248478138377433,-9.700337693343423,99.68269216537476,FLIGHT
1754998187.990187,77,19.070160752871036,72.87016075287104,372.72515399581033,-9.59856648683548,0.18412287027354235,-0.05897083672457146,-9.998421989118748,99.67849425792694,FLIGHT
1754998188.1994793,78,19.070162845795156,72.87016284579516,370.50139161251917,-11.651725046634674,0.07808501984317734,-0.1351192623731633,-9.854094515934127,99.67430840969085,FLIGHT
1754998188.4092717,79,19.07016494371891,72.87016494371892,367.8410655512156,-13.709788250923161,-0.10104329560178882,0.019734872230096567,-9.828285663964236,99.67011256217957,FLIGHT
1754998188.6283891,80,19.07016713489294,72.87016713489294,364.60151135347223,-15.859329974651345,-0.09413214059791725,-0.15108372376751034,-9.980210371197154,99.66573021411895,FLIGHT
1754998188.8304777,81,19.070169155778885,72.8701691557789,361.19620243118123,-17.841819086074835,0.15515395544332716,-0.03260171918287744,-9.860264713182,99.66168844223023,FLIGHT
1754998189.0329509,82,19.07017118051052,72.87017118051052,357.3826305277479,-19.82808082103729,-0.08486647855271863,0.11058082484045567,-9.625867243711252,99.65763897895813,FLIGHT
1754998189.240626,83,19.070173257262706,72.8701732572627,353.05328178176785,-21.865374715328215,0.18913397188679631,0.19343304355641255,-9.972547944619443,99.65348547458649,FLIGHT
1754998189.4480166,84,19.070175331168176,72.87017533116818,348.30764159878566,-23.899875979423527,0.14650504640336498,-0.07033878576975897,-9.646428063297687,99.64933766365051,FLIGHT
1754998189.661627,85,19.07017746727228,72.87017746727228,342.9785670313149,-25.995394108295443,-0.14450385628911083,0.013167306700790637,-9.857348980571208,99.64506545543671,FLIGHT
1754998189.8646388,86,19.070179497389795,72.8701794973898,337.4990430035879,-27.98693938732147,-0.07872943004354034,0.08490764565983533,-9.66323240150266,99.6410052204132,FLIGHT
1754998190.0662992,87,19.07018151399374,72.87018151399374,331.6557145441895,-29.96522785902023,-0.013567365058959086,0.12422745560080767,-9.706511282028863,99.63697201251983,FLIGHT
1754998190.2735434,88,19.07018358643532,72.87018358643532,325.23492569222367,-31.998293046951304,0.16059486987704807,0.1856754126901598,-9.726264301796576,99.63282712936402,FLIGHT
1754998190.4803576,89,19.07018565457821,72.87018565457821,318.40742406692954,-34.0271412229538,-0.05169121366683688,-0.022723877137540816,-9.957709330582693,99.62869084358215,FLIGHT
1754998190.6895638,90,19.070187746639252,72.87018774663926,311.0740603250382,-36.07945310592652,0.19822226507496837,0.012558397068814037,-9.766476641709602,99.62450672149659,FLIGHT
1754998190.89573,91,19.070189808301926,72.87018980830193,303.4272094298098,-38.10194418907166,0.0653835362018717,0.10093283192039992,-9.638774560069466,99.62038339614868,FLIGHT
1754998191.1047444,92,19.070191898446083,72.8701918984461,295.2490689640672,-40.15237560749054,-0.08190800011628925,-0.12945872761425326,-9.609430431786649,99.61620310783387,FLIGHT
1754998191.3092027,93,19.07019394302845,72.87019394302845,286.8345404967127,-42.15811090946198,0.0029700249701192227,-0.12641049756584616,-9.714210946738268,99.61211394309997,FLIGHT
1754998191.5157204,94,19.070196008205414,72.87019600820541,277.9189484614376,-44.184049510955816,0.013124506926615986,0.1326378594380604,-9.906097022489151,99.60798358917236,FLIGHT
1754998191.7261784,95,19.070198112785818,72.87019811278581,268.40280485384204,-46.24864288568497,0.0011276621178437085,0.04026248719025877,-9.970777376595562,99.60377442836761,FLIGHT
1754998191.9280992,96,19.070200131993293,72.8702001319933,258.86425769664197,-48.229485421180726,-0.040479264358681905,-0.17504211115773047,-9.690628156124227,99.59973601341248,FLIGHT
1754998192.1369188,97,19.07020222018957,72.87020222018958,248.57910885466208,-50.278005969524386,-0.19426058003721783,-0.06013132660201306,-9.830579486545968,99.59555962085724,FLIGHT
1754998192.344655,98,19.07020429755211,72.8702042975521,237.92287215688577,-52.31589861869813,0.0473827319071522,-0.010126751072012524,-9.810883452794421,99.59140489578247,FLIGHT
1754998192.5518901,99,19.070206369903087,72.87020636990309,226.87052976336452,-54.348874928951275,0.17881873511756802,-0.12564098408577257,-9.82062396165205,99.58726019382476,FLIGHT
1754998192.758559,100,19.070208436591624,72.87020843659162,215.42880764452934,-56.376296384334566,0.012319205031986774,-0.103800588141429,-9.854787980620124,99.58312681674957,FLIGHT
1754998192.9619935,101,19.0702104709363,72.8702104709363,203.7569295382283,-58.371988508701335,-0.17395963160128153,0.0017522443881587413,-9.94112846262672,99.57905812740326,FLIGHT
1754998193.1697671,102,19.070212548673155,72.87021254867315,191.41701797749624,-60.41024836301804,-0.1297960909836593,-0.1798294553902181,-9.667298598328061,99.57490265369415,FLIGHT
1754998193.3787959,103,19.070214638960362,72.87021463896036,178.57522684046933,-62.46082011461259,0.047798319476477724,0.17587793556334425,-9.725041323770132,99.57072207927703,FLIGHT
1754998193.5865753,104,19.070216716754437,72.87021671675444,165.3853946009142,-64.49913610219956,-0.14954231172597832,-0.1102356952102185,-9.909918392016332,99.56656649112702,FLIGHT
1754998193.7908351,105,19.07021875935316,72.87021875935316,152.00616241004536,-66.50292545080185,-0.13736609233257027,-0.022160115335132957,-9.95157496278299,99.56248129367829,FLIGHT
1754998194.002092,106,19.070220871920586,72.8702208719206,137.7380637519476,-68.57535409450531,-0.1904691082984432,0.18655108560000666,-9.990235756038105,99.55825615882874,FLIGHT
1754998194.2107162,107,19.070222958164216,72.87022295816422,123.21808835800073,-70.62195909500123,0.12553050973838165,-0.014120482913412002,-9.632197244171389,99.55408367156983,FLIGHT
1754998194.412843,108,19.07022497943163,72.87022497943164,108.74310704208472,-72.60482242822648,0.14781705669479783,0.16038719395273754,-9.63990549983922,99.55004113674164,FLIGHT
1754998194.6222296,109,19.070227073297502,72.8702270732975,93.32558240991511,-74.65890484809876,0.14585907955254923,0.16596769712253207,-9.69293547800579,99.54585340499878,FLIGHT
1754998194.833561,110,19.070229186611176,72.87022918661118,77.3287520083835,-76.73206556320191,0.044421862872870754,-0.13652262189382594,-9.90180032213356,99.54162677764893,FLIGHT
1754998195.041461,111,19.07023126561165,72.87023126561165,61.16414593067179,-78.77156502723693,-0.02670247537017789,-0.04349362324453626,-9.90046578920643,99.53746877670288,FLIGHT
1754998195.2502773,112,19.070233353774547,72.87023335377455,44.50148116036769,-80.82005283117294,0.15614260829850973,-0.17096689092148054,-9.60216038133875,99.53329245090485,FLIGHT
1754998195.4635122,113,19.07023548612356,72.87023548612356,27.044799112255987,-82.91188721418382,0.03181625577634173,0.1557794423946665,-9.755290323283939,99.52902775287629,FLIGHT
1754998195.6732378,114,19.070237583379747,72.87023758337975,9.440306681002767,-84.96929553031922,0.18861174098565836,-0.14524047055393471,-9.847876188027511,99.52483324050904,FLIGHT
1754998195.8801801,115,19.070239652802943,72.87023965280295,0,-86.99939968824387,-0.1648279069441656,0.18334114694310277,-9.80154788377338,99.52069439411163,FLIGHT
